pin,nom du réseau,fonction, commentaire,
PE2,NC,,,
PE3,PWR_GPIO,GPIO_Output, pin qui tient allumé le power switch de la carte,
PE4,LTDC_B0,LTDC_B0, interface écran,
PE5,LTDC_G0,LTDC_G0, interface écran,
PE6,LTDC_G1,LTDC_G1, interface écran,
VBAT,+3.3V,VBAT, alim mcu,
PI8,EN_IP23,GPIO_Output, pin d'activation/desactivation du module IP23,
PC13,BAT_STAT,GPIO_Input, statut de charge IP2326,
PC14,NC,,,
PC15,NC,,,
PI9,LTDC_VSYNC,LTDC_VSYNC, interface écran,
PI10,LTDC_HSYNC,LTDC_HSYNC, interface écran,
PI11,LTDC_G6,LTDC_G6, interface écran,
VSS_1,GND,VSS,gnd mcu,
VDD_1,+3.3V,VDD, alimentation mcu,
PF0,I2C2_SDA,I2C2_SDA,bus i2c,
PF1,I2C2_SCL,I2C2_SCL, bus i2c,
PF2,NC,,,
PF3,TEMP_EAU,ADC3_INP5, entrée ADC pour sonde externe de température d'eau,
PF4,NC,,,
PF5,NC,,,
VSS_2,GND,VSS, gnd mcu,
VDD_2,+3.3V,VDD, alimentation mcu,
PF6,LEDS,TIM16_CH1, PWM pour piloate LEDs addressable ws2812,
PF7,NC,,,
PF8,NC,,,
PF9,LTDC_DISP,GPIO_Output, interface écran,
PF10,LTDC_DE,LTDC_DE, interface écran,
PH0,OSC_IN,RCC_OSC_IN, oscillateur externe 8MHz,
PH1,OSC_OUT,RCC_OSC_OUT, oscillateur externe 8MHz,
NRST,NRST,NRST, !RST STM,
PC0,LTDC_R5,LTDC_R5, interface écran,
PC1,NC,,,
PC2_C,NC,,,
PC3_C,NC,,,
VDD_3,+3.3V,VDD, alimentation mcu,
VSSA,GND,VSSA, gnd mcu,
VREF+,VDDA,VREF+, alimentation analogique mcu,
VDDA,VDDA,VDDA, alimentation analogique mcu,
PA0,LAP_DET,TIM2_CH1, entrée pour détection de la présence d'un lap avec fonction de timer pour comptage précis de chronométrage,
PA1,LTDC_R2,LTDC_R2, interface écran,
PA2,TX2_ESP,USART2_TX, uart pour ESP32,
PH2,LTDC_R0,LTDC_R0, interface écran,
PH3,LTDC_R1,LTDC_R1, interface écran,
PH4,LTDC_G5,LTDC_G5, interface écran,
PH5,EN_ESP32,GPIO_Output, pin d'activation/desactivation du module ESP32,
PA3,RX2_ESP,USART2_RX, uart pour ESP32,
VSS_3,GND,VSS, gnd mcu,
VDD_4,+3.3V,VDD, alimentation mcu,
PA4,SPI1_CS,SPI1_NSS, Chip select pour l'imu,
PA5,LTDC_R4,LTDC_R4, interface écran,
PA6,LTDC_G2,LTDC_G2, interface écran,
PA7,SPI1_MOSI,SPI1_MOSI, mosi pour l'imu,
PC4,VBAT_SENS,ADC12_INP4, capteur de tension de la batterie,
PC5,VBAT_MID_SENS,ADC12_INP8, capteur de tension de la batterie,
PB0,LTDC_R3,LTDC_R3, interface écran,
PB1,LTDC_R6,LTDC_R6, interface écran,
PB2,NC,,,
PF11,VBCKP_ADC,ADC1_INP2, capteur de tension de la batterie backup RTC,
PF12,NC,,,
VSS_4,GND,VSS,,
VDD_5,+3.3V,VDD,,
PF13,NC,,,
PF14,NC,,,
PF15,STB,GPIO_Output, Standby puce CAN,
PG0,NC,,,
PG1,NC,,,
PE7,NC,,,
PE8,NC,,,
PE9,NC,,,
VSS_5,GND,VSS,,
VDD_6,+3.3V,VDD,,
PE10,NC,,,
PE11,LTDC_G3,LTDC_G3, interface écran,
PE12,LTDC_B4,LTDC_B4, interface écran,
PE13,NC,,,
PE14,LTDC_CLK,LTDC_CLK, interface écran,
PE15,LTDC_R7,LTDC_R7, interface écran,
PB10,LTDC_G4,LTDC_G4, interface écran,
PB11,BL_PWM,TIM2_CH4, PWM pour le rétroéclairage,
VCAP1,VCAP,VCAP1,,
VDD_7,+3.3V,VDD,,
PH6,NC,,,
PH7,NC,,,
PH8,NC,,,
PH9,NC,,,
PH10,NC,,,
PH11,NC,,,
PH12,NC,,,
VSS_6,GND,VSS,,
VDD_8,+3.3V,VDD,,
PB12,NC,,,
PB13,NC,,,
PB14,TX1_GNSS,USART1_TX, uart GNSS,
PB15,RX1_GNSS,USART1_RX, uart GNSS,
PD8,TX3,USART3_TX, Non utilisé,
PD9,RX3,USART3_RX, Non utilisé,
PD10,LTDC_B3,LTDC_B3, interface écran,
PD11,NC,,,
PD12,NC,,,
PD13,NC,,,
VSS_7,GND,VSS,,
VDD_9,+3.3V,VDD,,
PD14,NC,,,
PD15,NC,,,
PG2,NC,,,
PG3,NC,,,
PG4,NC,,,
PG5,SW4,GPIO_EXTI, bouton de navigation utilisateur interrupt,
PG6,SW3,GPIO_EXTI, bouton de navigation utilisateur interrupt,
PG7,SW2_PWR,GPIO_EXTI, interrupt bouton de navigation utilisateur interrupt,
PG8,SW1,GPIO_EXTI, interrupt bouton de navigation utilisateur interrupt,
VSS_8,GND,VSS,,
VDD33_USB,+3.3V,VDD33USB,,
PC6,NC,,,
PC7,NC,,,
PC8,DAT0,SDMMC1_D0, carte SD,
PC9,DAT1,SDMMC1_D1, carte SD,
PA8,NC,,,
PA9,NC,,,
PA10,LTDC_B1,LTDC_B1, interface écran,
PA11,STM_N,USB_OTG_FS_DM, USB D-,
PA12,STM_P,USB_OTG_FS_DP, USB D+,
PA13,SWDIO,SYS_JTMS-SWDIO, SWDIO,
VCAP2,VCAP,VCAP2, VCAP,
VSS_9,GND,VSS,,
VDD_10,+3.3V,VDD,,
PH13,FDCAN1_TX,FDCAN1_TX, CAN ,
PH14,FDCAN1_RX,FDCAN1_RX, CAN,
PH15,RPM,GPIO_Input, entrée pour capteur de vitesse moteur,
PI0,SPI2_CS,SPI2_NSS, chip select pour la flash externe,
PI1,SPI2_SCK,SPI2_SCK, clock pour la flash externe,
PI2,SPI2_MISO,SPI2_MISO, miso pour la flash externe,
PI3,SPI2_MOSI,SPI2_MOSI, mosi pour la flash externe,
VSS_10,GND,VSS,,
VDD_11,+3.3V,VDD,,
PA14,SWCLK,SYS_JTCK-SWCLK, swclk,
PA15,JTDI,SYS_JTDI, jtdi,
PC10,DAT2,SDMMC1_D2, sd,
PC11,DAT3,SDMMC1_D3, sd,
PC12,CLK_SD,SDMMC1_CK, clk pour carte SD,
PD0,NC,,,
PD1,NC,,,
PD2,CMD_SD,SDMMC1_CMD, cmd pour carte SD,
PD3,LTDC_G7,LTDC_G7, interface écran,
PD4,NC,,,
PD5,NC,,,
VSS_11,GND,VSS,,
VDD_12,+3.3V,VDD,,
PD6,LTDC_B2,LTDC_B2, interface écran,
PD7,NC,,,
PG9,SPI1_MISO,SPI1_MISO, miso pour l'imu,
PG10,NC,,,
PG11,SPI1_SCK,SPI1_SCK, clk pour l'imu,
PG12,NC,,,
PG13,NC,,,
PG14,NC,,,
VSS_12,GND,VSS,,
VDD_13,+3.3V,VDD,,
PG15,NC,,,
PB3,SWO,SYS_JTDO-SWO, swo,
PB4,NC,,,
PB5,NC,,,
PB6,I2C1_SCL,I2C1_SCL, bus i2c,
PB7,I2C1_SDA,I2C1_SDA, bus i2c,
BOOT0,BOOT0,BOOT0, boot0,
PB8,CD_SD,GPIO_Input, pin de détection de carte SD,
PB9,NC,,,
PE0,IMU_INT1,GPIO_EXTI, interrupt de l'imu,
PE1,NC,,,
PDR_ON,PDR_ON,PDR_ON,,
VDD_14,+3.3V,VDD,,
PI4,INT_LIGHT_SENSOR,GPIO_EXTI, interrupt du capteur de lumière,
PI5,LTDC_B5,LTDC_B5, interface écran,
PI6,LTDC_B6,LTDC_B6, interface écran,
PI7,LTDC_B7,LTDC_B7, interface écran,
